userId,userType,name,password
6781974,USERS,Evelyne,43gw457gz4B
3946991,USERS,Celeste,9x6pBmi
6003368,USERS,Lisa,56hhjB9
4185538,HOST,BonPaul,71x20
6474301,HOST,Elizabeth,1ipg94
1213207,HOST,Kevin,31d3A
2713423,HOST,Susanne,6poA7A6
3790886,USERS,Annie,z2z1oq
6389989,USERS,Julia,dwbre19
4020014,HOST,Debbie,1xbs8
4985132,USERS,Gayle,iw0BhsaimB8
6957395,USERS,Beth,d1khbetk
6729944,HOST,Milan,70agk0v7wj1
9829632,HOST,Heidi,42A8j
2362801,USERS,Camille,47iwsqky11oj
5681183,USERS,David,fu3gxnfA6
2160382,USERS,Anne Marie,4ebAtq87pvoB
4241907,HOST,B,1e0pvhqB
3501081,USERS,Kim,o8pllz
4880308,USERS,Molly,3giyleg
5239546,USERS,Jim And Jan,qm3yhA
3793931,USERS,Brady,A5l9tftog
1724783,HOST,Linda,3lmko5Brldbu
2187658,HOST,Michelle,1eB3m
4305851,HOST,Celeste,10dqga
4638321,HOST,Mary,6vs3f
1000781,USERS,Mary,azwBBxm
6636277,USERS,Lauralee,3m1w8nnjxh
4167436,USERS,Michael,306zhhlgv3
6122741,HOST,Bart,ssjb7d
6703924,USERS,Mary,52mp4
2364941,USERS,Jason,1o49oim1er
1402093,HOST,Jakub & Maria,1yam2o
6014832,USERS,Lori,44ljAfm
5563126,HOST,Pat,vz0dx6
1369922,USERS,Terri,Bl4rvhkvx97
4328103,HOST,Tammy,h16lBzp644s
4895639,HOST,Ar,1tug2i
3873733,USERS,Anne & Joe,2qytsgy
5536535,HOST,Celeste,4f8esod1t
2945740,USERS,Tim And Muffi,vgrriufs6i
1569014,USERS,Jessica,3jjfaf7oBd
3191272,HOST,Hun,68422neho8q
2038188,USERS,Gennell,1rddue22
4001205,USERS,Reid,tf4gz8
6841559,HOST,Brenda,3o97z
3044608,USERS,Celeste,BqzBs9
2540885,HOST,Celeste,n6zq6mAf
5749774,USERS,Celeste,Bfxy95udgo3
5700815,HOST,Linda,5ibvu0yp
2192922,HOST,Marta,vywx1k
1797687,USERS,Theo,7tAzzmu
6827488,USERS,Karen,1lnisy1u
1287632,HOST,Emilio And Kate,3yhwfla
2875248,HOST,Gayle,6B9mati8w5B
4908621,USERS,Sivanne,1btynr4v
6627636,USERS,Deborah,3ijapz0uzm
3619360,USERS,Sherry,jaq7uBpdkoi
6341408,USERS,Mary,3qffzn5
2474390,HOST,Cindi,3j14qr40B
4183434,HOST,Reid,4561xbeth3Bk
5437840,USERS,Mary,2qtj16l
8090496,HOST,Louise And Steve,5ouom6n7e0
3529998,HOST,Lisa,51iqkppynkv
2738537,HOST,David,o687Az73uB
2009846,USERS,Breccia,1hew2q
7123080,USERS,John,2kvqpzrk7k
4778466,HOST,Diane & Dick,rBa2Bo
5083089,HOST,Audrey,6z289
1448975,HOST,Lauren,1t3w1e
3218901,USERS,Ginger,3bh36xkgpB86
2074355,HOST,Susan,pplBvp4479o8
4159593,HOST,Diane,Atbga7t8qqB
6941588,USERS,Jane,amv6uz7p7xj
1056302,USERS,B,17934a
7139155,USERS,Marc & Fay,27jd41imkx
6848394,USERS,Sharon,6B0wiul
1356469,USERS,Martha,14kq29to
4293148,USERS,Karen,3e56xoAque
2292404,HOST,Rita,Bdq9my3A9e3
2371793,USERS,Rita,12Ajb
2705492,HOST,Krista,aq2ee2d
5494895,HOST,Rita,37hwstem1d4k
2460651,HOST,Theresa,1kufn2
3680824,USERS,Anne,intzmjhuzpq
2842944,USERS,Joe,3g65p3li2g
4175264,HOST,Alicia,5nrbktoAx
8833757,HOST,Heather,85sz6
4306096,HOST,Irma,bzphenr37
6015648,HOST,Athena,B4z68yl
1416143,HOST,Melanie,2mbug3fv
5594667,HOST,Robert,180is2
6677558,HOST,Celeste & Esiris,9Apwitm
5640237,USERS,David,3qBlq
3713164,USERS,Alicia,4nenA
6070791,USERS,Josh,wAgvuB
6969554,HOST,Josh,3y3sjB7snj22
3734710,USERS,Josh,53yb32m
2538905,USERS,Allison & Peter,k9azBkkl5Au
2229002,HOST,Ellen,8qx8teqqvAa
1231664,HOST,Anne,oueBl4Bjuq
3881324,USERS,Kelly,lz2otmximdz
6813382,HOST,Allison & Peter,Bxlnb
1953154,HOST,Marie,gv0r6ie7ziu7
6169663,HOST,Scott & Catherine,7k6bii6gohq
4249654,HOST,Becky,1ojwAl6m
2998042,HOST,Melissa & Ron,1lifAs
1116753,HOST,JC & Jackson,5qsowh9sjr
5037409,USERS,Joann,3n11fppt53q6
4641025,HOST,Peggy,r02f1rBj
6116564,USERS,Patricia,bqtmBijgs
6406055,HOST,Michele,2fuilwi8gd
7637615,HOST,Sharon,8qigj
1887107,USERS,David And Melissa,20jk9t
2709938,HOST,Jenna And Chris,348zuwx1nj
6929586,USERS,Daniel,3f1nwn7lzn
9620073,USERS,Louisa,7tixb8uwvph
7074041,HOST,Marc & Fay,1paxrnunbj
5106906,USERS,Marilyn,2se6xvey376a
7129452,HOST,Danielle + April,23xvt82y
6578071,USERS,Callie,jp74smoihsz
6949718,HOST,Pamella,17o7pzslxi5
5463614,HOST,Matthew,A9yow
2265782,USERS,Mark,14dyongx
2212673,HOST,Shari,ia5m3s0qk
4351103,HOST,Christine,huju74x71
9859661,HOST,Matthew,7lvxeiA9
2146886,USERS,Molly Rose,5w2xm
4297906,HOST,Johanna,ftzehqxy0xd
2400715,USERS,Johanna,2i25fgii
6036450,USERS,Chris & Aubrey,dsm3p1
3159027,USERS,Lynda,14zexmv8
5830013,HOST,Beth,apjjrgu
4688707,USERS,Danielle + April,1ukz9
5790137,HOST,Kendal & Parker,1yzB86Au
4559236,HOST,Michael,21gt3vB3
4625240,HOST,Michael,456f0uu
4213000,HOST,Jeff,1v5i7y48nm
1077311,USERS,Lori & Lizzie,3B3hdirloo0j
4997955,HOST,Elizabeth,btknzho1y
2467810,USERS,Andy,2egrwb4a00tf
3126734,USERS,Jofre & Saskia,dvz844l
5802815,HOST,Bob,1pmv7r
9144434,HOST,Lynn & Jake,z0f5x9iy
4417598,USERS,Sydney,2kqrAx6nBu
1338625,HOST,Melissa,Bjvbejs2B
5850309,HOST,Louise And Steve,nftetx
3513784,USERS,Barry,apd0j69oo
6389758,HOST,Robert,1yzfbf2y5z
4866396,USERS,Suzy,q1ngho
2618005,HOST,Susan,98jBy
2662044,USERS,Kristin,2zvam
6781156,USERS,Tim,e054qfBr2
6944043,HOST,Amber,aer2hsp
5045854,USERS,Jessica,gzyg5hgyh80
1515695,HOST,David And Melissa,14xBhfv
4957704,USERS,Brooke,jeuwxn77z6
4373659,USERS,Daniel,d57k1bvwv4j
5176595,HOST,Ellis,6q0j9
4996915,HOST,Trip,AAay3
1627623,USERS,Kyley,A0xyogu189x
6789245,USERS,Walter,B70a0Ab8r
3218804,USERS,Meg,2pqui
2998401,HOST,Rob,187je8ryhyzr
1948219,HOST,Grace,7hAqs4k
4263262,HOST,John,18k0ae
5880997,USERS,Marilynn,ajy0gAe
3385328,HOST,Jeremy,5e8dtnkwpkt
4246520,HOST,Aimee,6p61iBAx4
6006685,HOST,Louis,95f95
1776591,HOST,Monica,eep7npaxy
7155047,HOST,Dorothy,1tBsd8
1957946,HOST,Jan,h9r4si6us
1999238,USERS,Tiff,9Aer09pl
8237498,USERS,Randy,1pna3awt
4314366,USERS,John,dr2aB5tlqga
3265305,HOST,Tara,5rz8hm
2486775,HOST,Elizabeth,3Ayg4bg
6796430,USERS,Anna,1ir12bAfv2
3859123,USERS,Lori & Lizzie,9sxnraq
2120366,USERS,Kelly,2490f04hyai2
4821957,HOST,Sabrina,oq0a8fra
5745152,HOST,Matthew And Jennifer,2lnB5wg
4654758,HOST,Megan,1tfhfib72
2666768,USERS,Elisa,ndyfhd1n5bo
6782169,HOST,BonPaul,a5xw446tt
4037849,USERS,BonPaul,9zeta
7055699,USERS,Sherri,2jqr2
2397560,HOST,Lee,2Az4l7fh3x
6915301,HOST,John,21tdu96eBB
3483069,USERS,Cara And Eric,dAryBbt
5243192,USERS,Krys And Steve,1lfhvu0k7g
2954562,USERS,Miriam,1azqiz
6898596,USERS,Elizabeth,o0xyvbd9pt2
2784905,USERS,Birgit,3zkm3
6415922,USERS,Vicki,2eklyagd
6330281,USERS,Valerie,2v74pta5fl
4389511,ADMIN,Kwadwo,3z32x2ps2
6980725,USERS,April,497w4w38nb
4803684,HOST,Karl,13t2pBlf
1080843,HOST,Angela,1fBbAn
3131958,USERS,Tom,1puhoolAo
7051999,HOST,Matthew,2e70hj54
5707989,HOST,Lou,fxu521
6612751,HOST,Sage,30xotrfqad
4035298,USERS,Shane,3d8b095fa0pB
1987569,HOST,Lee,1f4ztn
2710835,USERS,Fay & Marc,3jhBsxs41q
1064895,USERS,Jennifer,9ebk3bw89
9080588,HOST,Valerie,b2f636lk0
3621558,HOST,Rahm And Brantley,4a4tdd7B88zi
2917037,USERS,Trish & Steph,9B77u
1886297,USERS,Trish & Steph,1uBq29lohg
3927823,HOST,Christal,6la9A
1401442,HOST,Jenifer,3gxpwqip4mth
3975645,USERS,Leon And Stella,38AwxgpzAjBw
5858292,HOST,Darlene And Ron,hB5ghda2v52
4925531,USERS,Dana,r0887m
4872651,USERS,Michael,16mf4mx6s
4382559,HOST,Johanna,37sqd99vr
4241811,USERS,Lisa,8kwnmokl1e6
2407705,USERS,Kambra,19jznq
4118753,USERS,Suzanne,kof0zm5yspk
9413089,USERS,Kimberly,Ad7308n7z
2967024,USERS,Tracy And Brent,hfpzafvoa
1084832,USERS,Robbie,3gwfukyyoa
2486570,USERS,Annie,6g6oe
6259343,USERS,David,79t5oeu
5074225,USERS,Karen,2rheq
2991428,HOST,Mike,jny5Bhy8mz7
4890667,HOST,Bill,d5xwsmb
4259513,USERS,Amanda,d03hd9j8oq
5305383,HOST,Frank & Peter,54A04
1005186,USERS,Bruce / Jeanne,7Byqs9t1
5041820,USERS,Rita,1kjhqt8deish
1937676,USERS,Rumi,hkmgxh
6044567,USERS,Damon,58feld295q
3299817,HOST,Angie,1s3jpo7j
6801504,HOST,Georgia,93bjpgq
3274908,USERS,Janell,o599ea5z4g
6159232,HOST,Reid,bxbqsdA
5088481,USERS,"Ken, And Patti",o0ay4w
1956323,HOST,Lori,2l9dB7dp
1196939,HOST,Ellie,6BA0951kuow
3335112,USERS,Marina,5jbz1hx
6701334,USERS,Jean,1up9b
3295108,USERS,Duncan,1shz1jo19w
1785280,HOST,Simms,4lqw4mll2oq9
1414121,HOST,Graham,tyoeBx
2212908,HOST,Kathleen,nhnily3e9Bh
2479513,HOST,Robert,f8fap3v1w5
3121037,USERS,Andrew,BB35p7mn5
1208243,USERS,Mike,2fkpzgqmk
6486254,HOST,"Asheville Cottages, Inc.",grb11164j
9802629,HOST,V,3b92g31
6719127,USERS,Ricardo,16ptrapq
1256151,USERS,Toni,6tfmr
3744181,HOST,Terra,3z5vt
7202546,USERS,Billy,1af11h
3446557,HOST,Lynn,54qew3vAb
6872550,HOST,Katy,2iedvjkwzkqw
5295792,HOST,Simms,mvou1u9f504
2277627,USERS,Terri,4mx4i16ub9kg
3900497,USERS,Jamie,24hgrg
1509594,HOST,Jacqueline,174ugt5upzny
4227767,USERS,Peter And Jackie,64vAbdj78
2759264,USERS,Becky,29rB4
3841944,USERS,Kurt,72Aoe
1293932,USERS,Kelly,9u8At
4386392,USERS,David,996v46A
5226299,USERS,Heidi + Chris,hapgem
2200232,HOST,Jeanine,mse0n2
9324154,USERS,Kate,7ilao
5709330,HOST,Mary Catherine,1zo0wyu1
2527801,HOST,Bernadette And Dave,jvseejnwrsp
4204236,HOST,Clara,9bezlAg
5483860,HOST,Kwadwo,1dybb3
6475295,USERS,Susan,m58xnygtq65
5005350,HOST,Jan,ok49w2g8
2463247,USERS,Cody,1eafy6i1
2447741,HOST,Richie,3x6tg9
3465372,USERS,Patricia,2Bdeu7haju
5877157,HOST,Roger And Mary,1llhp5
5720810,USERS,Kathryn,1xesav
5509457,USERS,Becca,2vszA
4494924,HOST,Christine Michele,3esha4b4A
7081000,USERS,Kim,2lqq4bza
1320881,USERS,Kelsey,20vis8
2441016,USERS,Sherrye,2tajA7j0aA
3722856,USERS,Kathryn,Aox4tvrjz
3880168,USERS,Kristina,xqhtsxvq
5085251,HOST,Jeff,1mvb05
1089018,HOST,Ricky,ewl57vhbin0
4922470,USERS,Tori,2pw0dy64
3887642,USERS,Suzy,f8sske
4712294,HOST,Laura,40sxq4qqapkl
3714670,USERS,BonPaul,24hns3zv
3916089,HOST,Lynn,1sfmAinf
2087212,HOST,Haywood,2bgBw1sh4
6424844,HOST,John,1f041o
6725157,USERS,Courtney,3i5px2hbqf
4723414,HOST,Lisa,4j5vzmqkdr0n
5977598,HOST,Terra,ru76w2q20mBs
4866466,USERS,Cindy,dth2xsf63rl
1817016,USERS,Jon And Emily,Arpf7Bi
5031209,HOST,Walter,B610jopAokt
2807891,USERS,Alisha,37v6k1pik1pk
4464891,HOST,Alisha,25rthAvk
5246585,HOST,Alisha,8u5jrobe1
1903764,HOST,Kathryn,3xktn
6243165,HOST,Natalie,b26ff
4298613,HOST,Lisa,A6nxk8f
8706677,HOST,David,ajm4w6w
3596038,USERS,Cheryl,3eep2sj2vmfo
2513554,HOST,Nicole,4jb8b0ti0gAp
4277029,HOST,Nicholas,Askqyna41
3394187,HOST,Leslie,5d051
3926287,HOST,Sydney,2rf7ftl8b
5522166,USERS,Jill,fu2uezAis
1077659,USERS,Matthew,aptmkpi
2383831,HOST,Miriam,1yv0p5
5777367,USERS,Timo,816vsd5
3305936,HOST,BonPaul,mz7tBabfp7
3106781,HOST,Ted,42wsjxjug
1694856,HOST,April,a8qavltroqf
6232444,USERS,Katherine,59hl9w3ed
3499821,HOST,Renee,pgwkv433g
1333060,HOST,Annelise,1hs7qwghyh
6815877,HOST,Krista,jkpBltfnv5l
1735317,HOST,Lydia And Victor,2fre6j72
2298450,HOST,Shannon,648ri4B
2628303,HOST,Linda,6w60h
5390962,HOST,Kirk,5721q9mkvs2
4017311,HOST,Lydia And Victor,60qmv87rr
6819521,HOST,Marc & Fay,d8hwv0vxr
7010131,USERS,Matt & Lulu,1nrh3
6774300,HOST,Becky,1wadblnejr1x
1779800,USERS,Linda And Rafael,3sp0tw2tk4iq
3180481,USERS,Jennifer,6A74a3az7s9
3042120,USERS,George,1s29Bqbl4q
5798399,HOST,Ellen,kAfuedao
6894406,USERS,Linda And Rafael,1gbykfbh
5570545,USERS,Ada,empb8
5854375,HOST,Jeremy,449ognh9fqnd
2673533,HOST,Hilary,74311v2
5309364,HOST,Sue,Bi48k6Bp3fs
2704576,USERS,Jeremy,fsdg38lq8
5048968,USERS,Jeremy,ljsstzyAapg
1483827,USERS,Laura,hhe6vo
4756401,USERS,Sage,2yll9om1xbf
2164028,HOST,Marc & Fay,4tA4f
3609256,USERS,Leslie,1t32tmoo8e
6466820,USERS,Kwadwo,884eg07p
5275379,USERS,Tami,1088a5s
6283297,USERS,Nick,9owBwt153
4668967,HOST,Amy,As4geiq
5189003,USERS,Mary,2lb2z34u
2417615,HOST,Meghan,14lohni298kl
6641350,HOST,Kathryn,8ih1Apfna
4664312,HOST,Kathryn,rphjv
1360815,USERS,Michelle,2ixtxpf6gvad
2188442,USERS,Terry,xdu7A722
8193514,HOST,Ron,fuaqmusvA5
4463332,USERS,Margaret,3zjw7
4219115,USERS,Heather,1sem2B4sr5
2517637,HOST,Valerie,1dif4xy10
7022699,USERS,Irina,3l2AAe78d64b
3524377,USERS,Thomas,14tpgw
3914900,USERS,April,d4ju3jjAnuA
2079700,HOST,Adam,4h54os0
2703999,USERS,Kaitlyne & Ryan,194vnagglb7B
1936784,USERS,Reca,h5k2ty7fg2i
3420828,USERS,Tori,4825s2mBx2uj
3324108,USERS,Ada,1k3bsbvr0q
1609626,USERS,Leah,9j1dq1
6064808,USERS,Marin,1Bu3yago
5573629,HOST,Ralph,4whzuosk4q
1610062,HOST,Julie,28grxa1tb97m
6120071,USERS,Cara,hk8p37i26B3
5316869,HOST,Dharma,Aapq06xw7
6038504,USERS,Sally And Robert,2b43ohm8fA
5543828,HOST,Nicholas,sdg2zn
1164267,USERS,Cheryl,Aogna
2173978,USERS,Katie,29e9qqe
2652566,HOST,Lee,z5momb
2325436,HOST,Camille (Cammie),27twg
3089844,HOST,Mike,5d8yx
4961390,USERS,Marc & Fay,BAvaA
3938375,HOST,Roberta,axw43a6p9
5142530,HOST,Trace,2kmxl6o
3004611,USERS,Katie,3Brq78g2rhAw
5628629,USERS,Katie,B9nrbr7
4281865,USERS,Elisa,b9nBft4
1804640,USERS,Becky,3r9q7
8051937,USERS,Roslyn,2Bx85Al4tg
1311047,USERS,Marianne,2BwBzlh6
6432892,HOST,Annie,38j3hbaBB6
5179594,USERS,Charles & Cheryl,Bxv1ylB
1105162,USERS,Wendy,iiewey
1729374,HOST,Steve,66hgomktw
3072820,USERS,Jonathan,2sdq79j
9433123,USERS,Angela,m0x4owhymq8
4416424,USERS,Jamie And Jim,3lpt7hexjy
1635515,USERS,Narendra,8sto5
5429061,USERS,Cheri,9zr1x
6159501,HOST,Liza,g277raxpz7g
4266261,HOST,Kelsey,i6pevaisa
6278415,USERS,Dellene,9q7bq
3395622,USERS,Lynda,2pj3gBqvmjk
5048405,HOST,Carolyn,Bipl90eti29
2401516,USERS,Colleen,ov71dn
1139149,USERS,Ren√©e,B33w81unu23
1850895,HOST,Mike,6wbjf
1984177,HOST,Ren√©e,4g2j1928ns3
2036983,USERS,Carolyn,hu0upke7aqh
1594969,USERS,Charles & Cheryl,2m5vbB2
2357688,USERS,Charles & Cheryl,1ey1j4
2061492,HOST,Brigitte,8f4nnox
2479164,USERS,Anne,1Akftu
5697140,USERS,Maureen,B5jto
6474219,HOST,Paul,1jz2wu
5136907,HOST,Beatriz,vntkyB
5473461,USERS,Ralph,db03y912v3v
1915576,HOST,Dottie,41m0x5ojg
3839697,HOST,Jonathan,BA91u
3266271,HOST,Micah,4sa6m7y
5459259,USERS,Dana,e5x0xhyqAwn
4022064,ADMIN,Aaron,lmu00xqj
5844334,USERS,Ed,e3sykvzB
4939923,USERS,Simms,8egggavBi
4121427,HOST,Sharon,27jlfbaeBfsl
4358761,HOST,Mike,17l2Bha40i
1654724,HOST,Amy,B805o
7177199,HOST,Angela With Darin And Ella,10nq5Ahmr
3363532,USERS,Sam,ahhvByi
6074415,HOST,Ken,7Axn4zd
4107333,USERS,Karina & Patrick,AAByfaij7ss
6381350,USERS,Emily,l0bnlA9zm3
2035457,USERS,Amir,5juphd6
6187933,USERS,Mark,1yus1gzsyj
3569645,USERS,Julia,n13k9jz1vyi
3266430,USERS,Casey,ndd0ni
1930424,USERS,Cecelia(Cissy),2l677twxfb
6755616,USERS,Karl,wjn35Aytvl0k
6642407,USERS,David And Shawn,25l3qe
4479573,HOST,Arni,uyyBo70qzs
1990627,HOST,Bill,2u0t7haxenp
5998356,USERS,Anthony,4f2x6dz
4389508,USERS,Wendy,gruga20rpm3
4878573,USERS,Heather,18kjhg1
7845415,USERS,Jonathan,xxyk8q
7176800,HOST,Karen,6A8vAfB
5666209,USERS,Kwadwo,80nzq32
7150753,HOST,Candace,2bdA1tjgdB9
6493381,HOST,Bob,3oktuvh3f1w
3129550,HOST,Leland,1av16B
1797467,USERS,Nessa,1fs2jby031
4470559,USERS,Terra,19Bvzpik
5584644,USERS,Carrie,2b70hb8n39ua
5340602,USERS,JC And John,2mxzzgrha5
2274551,USERS,Amber,1Av60ykejf
3940251,HOST,Rob,mogiqjvbmmi
4151434,HOST,Celeste,39hl12y52z4
6420494,USERS,Lynne,ajvqvusr5
5124188,HOST,Michael And Amanda,1d19d
3058393,USERS,Sam,lwx9vBwqews
6837868,HOST,Kevin,74aj0
5796070,HOST,Vince,4pmaB
2588297,HOST,Morris,1jw5qeo
1501765,HOST,Jennifer,123uao9e
7186673,HOST,Smithson,3buls52mlrp
1492785,HOST,Beverly,gjn0y710u2m
2640069,USERS,Andrew & Ashlie,by99y3Aun
1411724,HOST,Pamela,hygb62
3723040,HOST,Pamela,7isezou
6430799,USERS,Kendra & Kyle,1ngh61
3195501,HOST,Ashley,3k5xBb2d6rfj
7197520,USERS,Celeste,dts4ktfBd
3411092,USERS,Amanda,grvspztwglA
3345681,USERS,Phaedra,25sb6thn
4691264,USERS,Elizabeth,2itqieyu8l
5663254,USERS,Cody,2dfi0461
4550707,HOST,Cameron & Sarah,3nyxtko9mzod
3182238,HOST,Joy,3bBp57fruBp5
5548161,HOST,Garry,2jlAb7f0
7129236,USERS,Inspired,drnbA2tB9py
3346848,USERS,Steve,ym7vxAwh
7877719,HOST,Steve,g00A8f7gj
7140075,HOST,Steve,df7433gg3u
5415307,HOST,Shanti,1fx594ieo
5186682,USERS,Jessie,hn77klr03jn
2094857,HOST,Jonathan,mk4bijkz06
4551334,USERS,Debbie,1o8hia83
5257119,USERS,Dorothy,25m0ywhl8w
4710781,HOST,Jennifer,Bsrmjhn6kz25
1557002,HOST,Kim,82h4wf8nxge
8733534,HOST,Marilyn,j4bnbmbz3l
4404815,USERS,Kern And Anne,bbB5tlhhndl
6801045,HOST,Yasmin,4Buykdkqsff
1088995,HOST,Helen,ht222ztzk
2140691,USERS,Sarah,2sy69s42ja97
4924625,HOST,Kim,6j8aihn79hv
3821131,USERS,Amy,8Bhxf
4849117,HOST,Tara,Bbe7z9l
3887463,USERS,Alison,1x7zl0lj
4132434,HOST,Debbie,9f0z4hz
2430869,HOST,Steve,10v72txb
1903152,USERS,Heidi & Ricky,28gaa5t
5545355,USERS,Ellen,16789287
4202999,HOST,Emilie,3q3ykm0ji
1502992,HOST,Emilie,m14gzhbtbb6
6534466,USERS,Robert,7vowg74o0
3489777,HOST,Betsy,2t4q4offg8
3934278,HOST,Anne Marie,2o3kf1b9
1159273,HOST,Jane,2zuA2t6Ayv9z
3924159,HOST,Cooper,2ovwrwtjna
6359206,USERS,Lisa,1un97vh164n
3712005,USERS,Stephanie,1iAgddd8ya
5126047,HOST,Guy,27ad1delet77
3707613,HOST,Elaine,ur0zgg
2801645,USERS,Jonathan,2k3vvqA2
5210076,USERS,Elizabeth,dwx2a3j
2755822,HOST,Jovita,layfbu0re92
4522153,USERS,Paula,84km7l357j
4223562,USERS,Paula,2p3l37ws
3493983,USERS,Beverly,3zrdub9a8Aj7
1900822,HOST,Bonnie,2o6w6vBfl209
7078236,USERS,Colleen And Dave,8kf63
4258780,HOST,Will,3025b4ik35h
3962871,HOST,Kate,Azst3y258q9
2394066,HOST,Tomi,1p05npo5
6539299,USERS,Deborah,gso35yyls
1880319,HOST,Paul,3rjwoki9i9a2
5829851,HOST,Raymond,6mr94pae
2274604,USERS,Amber,52A0q
3860826,HOST,Alli,Apb0u4dj3z6
6299786,USERS,Narendra,1gA8u51otm
5760390,USERS,Narendra,6jjnjuqrpew
2833606,USERS,Narendra,10o5n
1168173,HOST,Narendra,4spbhA
1426115,HOST,Narendra,3238je2yku
3760110,HOST,AJ & Jenn,341lB2d61f
3295310,USERS,Narendra,1A6x5tuu
2944809,HOST,Kaylen,Bapp0e8
2153855,HOST,Narendra,9j7j61194xy
1174708,HOST,Narendra,k6pzs7bt4e4
3024327,HOST,Narendra,1t3Ai12
1264831,HOST,Mikael,7qs2epiu9
1302291,HOST,Will And Marian,23qBflqw
1552204,HOST,Tom,A30uwdsa0
5143504,USERS,Robin,4iyqe2yn1xh
2351759,USERS,Austin,395fp3l3t140
1862172,HOST,Elizabeth,g8Bfp4ji5fj
6850957,USERS,Joel,vz7sa10u0x
6856869,HOST,Gael,A72qlss
2632197,USERS,Timothy,7qwliv1
1231244,HOST,Jay,A0liiBw
1629329,HOST,Kristyn,1sxjvymu
1848026,USERS,Randy,33rurx2
4513918,HOST,Lindsay,1z6B3ny1
7169677,HOST,Angelica,3Bkj3po
3583497,HOST,Matt,5AnmzhtB5
3223262,USERS,Gretchen,Agnoiy6p9my
3121280,USERS,Jonathan,z9rbusxi
4952731,USERS,Gretchen,43muqkxoz1hr
4626709,HOST,Lauryl,byf9f5w
4454983,HOST,Jacob,2sB4wpz9t745
3163959,HOST,OM Sanctuary,8B8dA
1891111,HOST,Patty And Jim,abBqel0BsA
6720839,USERS,Keith And Chan,nse36rxfl3f
1560492,HOST,Naomi,7ekpx3A
5394740,HOST,Blake,a30epb
2941785,HOST,Amanda,25jghr
6755675,HOST,Rich,15mshA
4851420,USERS,Adam,2umsn2g467
6920454,USERS,Jennifer,6j19hz9yp
5783379,USERS,Dan,3hqgfa47fk
6390557,HOST,Jana,4uf3mn3dqah
2525213,USERS,Anthony,2705yju5
2458301,HOST,Lori & Lizzie,dw9seiy
2380238,HOST,Myra,3AjpdBf3g
3468483,USERS,Tamara,Bfjgns0
3522133,HOST,Celeste,g7vigv6rt
6132837,USERS,Phaedra,1vmwg
4852112,HOST,Amanda,1AAAj9v
6552667,HOST,Caitlin,lA71fa
4046362,HOST,Michael & Tom,11j6tA
5831351,HOST,"Asheville Cottages, Inc.",4et3h1Aggjsz
6521425,USERS,Jan,f2uoxb31a
6103428,HOST,Renee,76vkz
6396581,HOST,"Asheville Cottages, Inc.",72jq21l
1210604,HOST,Sonia,3i4dmpd1ph1m
2747081,USERS,Bill,175ehpB2
5245964,USERS,William,4m82vdbeyxaj
2431559,USERS,Lisa,nirwam87b2w
2431265,USERS,Chad,1tnflgd2
6058726,HOST,Laurel,9kpsjgx
4431585,USERS,Jonathan,4aflxrtvdgwv
4492617,HOST,Jean,7402f
3747037,HOST,Diana,rok73ulBuk
8610459,HOST,Bill,vni4muiyjsr6
3704539,HOST,Benjamin,3hgkwxgw8
2747867,USERS,Lisa,3hgrs1xqln45
3436315,USERS,Bradlee,6wBiswriB
2518671,USERS,Melissa And Sean,5llraBj
6399355,HOST,James,2fu0louo
3070351,HOST,Becky,b632tq8
2065045,USERS,Silver And Shane,krv45x
4197553,ADMIN,Marilyn,1snz3mlu92
6421488,HOST,Kaye,7lwAw13mhhrt
7233207,HOST,George,4fjfi0x
3404566,HOST,Jim And Paulette,h8oAtnnajzu
6174479,HOST,Makenzie,8uv34
6619909,HOST,April,2wppzdsl8k0
7192533,HOST,Belinda And Cliff,B0wzak7mr
4049634,USERS,Evolve Vacation Rental,1j656qB88m
9926055,HOST,Alexandra,2dggfev
4421969,HOST,Jonathan,4jz7mfs
2849765,USERS,Katherine,1gm5nxj2q9
6913929,USERS,Misty,1rx9koa61w
2634399,USERS,Shanti,lhpABa3s5j5
6065621,HOST,Lexi,6Bd80vp
7044305,HOST,Jill,aBubAe2
2548858,HOST,Sarah,9q11d83A6
3402298,USERS,Diane,7yyqplB
4587188,USERS,Leslie,1m79wmz7ez
5020157,USERS,Laura,AA3k0
7197355,USERS,Christine,1pvlzg
5906789,USERS,"Vista View Ventures, Inc.",agkA1B2
4392527,HOST,Sunrise,3fB3t2y4ab
6412209,USERS,Tara,a9di1989g1y
6774049,USERS,Michele & Dana,g1jkhpy7z
2445135,HOST,Elizabeth,11bdumqe84
4728904,HOST,Jessica,3h7x2tf
3818389,USERS,Cindy,1yv2ut
3110323,USERS,Meg,1o2dB1e2
1250632,HOST,Lynn,owegtsd9
5275431,USERS,Emma,2juyx4znu28l
2530258,USERS,Jeremy & Jami,3oy055qit
1523905,USERS,Bill & Linda,17vx1v
1964026,HOST,Tim,5B3en7n
3477124,USERS,Camille (Cammie),napq2t
1609212,HOST,Ranse,9m5qt
6499211,USERS,Cherylin,1a1pv5sr
6724851,HOST,Katie,1pssb9hxmf
2523361,USERS,Jean,Axwp3
4190880,USERS,Christi And Steve,aegkrszk
4832446,HOST,Emily,2r3l1990
5674082,USERS,Kat,1AkeBg
1187245,HOST,Sandra,6jv2y
6604184,USERS,Darlene And Ron,9g1xivud57
3446163,USERS,Evolve Vacation Rental,2kk1pgBbso
1174080,HOST,Cory,hk1b8gk6t
3805589,HOST,Erin,3zz11gi0ku0j
1633872,HOST,Suzanne,3uB17A3jb
2152289,HOST,Kathy,Axm9v
6581326,HOST,Janae,A204nub
3690099,HOST,Jeff & Wanda,3AoauB70y0he
2688249,HOST,Danielle,2r168hjx21
3553138,USERS,Rebecca,mt5wB75ztk0
6713687,HOST,Heather,3kgw3ul6e
6706471,USERS,Lisa,7y78izw6p
2318208,USERS,Mel,2gesjgtpBbg
4255734,USERS,Eric,2k5f6nlr
2884710,USERS,Kristi,azqqh
2729206,HOST,George,31tx8ixfdl
4123487,USERS,Maggie,207q3B
1622866,HOST,Stephen,gwybt2ypo
5648601,HOST,Bett,2yayl
1758455,USERS,Lucy,6ziap6jp7
3436192,USERS,Emily,1dmdk184
4445052,USERS,Brooke,hhwhAybgut
4174634,USERS,Ashley,ixhp8iiz
6417619,HOST,David And Melissa,1phAzo
2805621,HOST,Josie,nmfbwz
6417330,HOST,Amory,22Br3q
6194188,HOST,Jonathan,mAmBrjmw40u
2882082,USERS,Josh,1giBiz
4683212,USERS,Libby,oB7bieia3
6712198,HOST,Vicki,3r4yo5atn
4736150,USERS,Meghan,1ajjlwdsbr
4065225,HOST,Eric,4jqAlxk0B
8580170,USERS,Malinda,gqkmjw395d
4420908,USERS,Jennifer,1zpz8y
2842827,USERS,Katherine,tn63vm
7800300,HOST,Shawn And Dave,3divp06fx5
5772930,USERS,Melissa,BBikyj
5174856,HOST,Marion,6oawjg7wy
3593271,HOST,Helene,imxyxpn
1520914,HOST,Shauna,1z8i3b
1046629,USERS,Helen,Ab14gdhe8
6524924,HOST,Luba,24bqee1a
2960608,HOST,Tiffany,2y2glo
3901003,HOST,Chris,5dwajud
1900931,HOST,Bob,sf97usrk9mg
4114041,HOST,Steve,205b95jxb7
3477735,HOST,Davyne,erh4Asi4zm7
6449761,HOST,Sherri,1fthhdm4
6759234,USERS,Russel & Jen,3wfvov4o
4872036,HOST,Paul,77eyo
4652754,USERS,Matt,dj501ppBp
5295608,HOST,Eleanor,xb3wij
1055768,USERS,Matt,i4zuxt2w7
6558813,USERS,Aaron,A2rAmoe
2535470,HOST,Morris,iiqi58pwmgr
1777105,HOST,Karl,9v8pmzj8mt
2818306,USERS,Sarah & Allison,1dxA9i4j1jw8
6632924,USERS,Kitty,3jnwe1k
1248169,USERS,Julie,2vhgw8ugo0
5513904,USERS,Aaron,1ksbyt0k
2167907,HOST,Teresa,udug769qm9
3534368,USERS,Evlyn,b0fdl2yl9t
4047473,USERS,Chris,3grsv
5051867,HOST,Jacob,2t7lpsx3z6
6069905,USERS,Debbie,8syij
2321735,ADMIN,Mary,59i7a0v
4567379,HOST,Lynn,49opz
5299713,USERS,Brenda Leigh,3jos4dzBa76
1886801,HOST,Kara,3kg11bqy70
5638520,HOST,Kingsley,940nduz
6276506,USERS,Rory,15vqpik9vl
6222508,USERS,Brian And Cadence,1iza7e
6975223,USERS,Karl,6h55j
6814184,USERS,Joe,2g8aA7dk
6911352,USERS,Evolve Vacation Rental,2rkAasqk
6290657,HOST,Justin,1pprnb888u
4598380,HOST,Gordon & Kimberly,1wpqylbA9zt2
1235453,USERS,Nicole,yAqk6o4v00
6978098,HOST,Brandon,1wwbnA32o
4816013,HOST,Ladonna,aiy0uwjma
3995559,HOST,Tony,1zltrt3rxb
4956658,USERS,Wilant & Alice,zrvxdBl
1691186,HOST,Jennifer,1ngdzk
4225260,USERS,Danya,5p6r7qA0pi4g
6561657,HOST,Teresa,1qm7z2d
6184490,USERS,Steven,af5mvwj
6126262,HOST,Judy,21jzdpp3o
1832789,USERS,Jofre & Saskia,kxv4m9tvbsi
5736448,USERS,Corey,1wr7bq71n8g
1335604,HOST,Elaine,fhjf0h
6650800,USERS,Al,235yupaz64
3452206,HOST,Han,64myhmi6v2n
6799577,USERS,Loren,15zpgb207yao
7132267,USERS,Dominique,1B9y1
2432303,HOST,Brian,1A6heh78b4
5955965,USERS,Jonathan,8BtqBqtBw
2948791,HOST,Bill,db5x8ovg7u4
5608811,HOST,The Lion And The Rose,himpj9b4qq3
5189509,USERS,The Lion And The Rose,Babb8
4203504,USERS,Jason,5k89hz1enlxn
4542435,USERS,Allison,eAB4u5pA5x5
1605673,HOST,Janet,Ab7Brgom
3655265,HOST,Pat,2l2nzl6B6k
3327937,USERS,Alexis,37xblbat1f
7761471,HOST,Anna,1znd78ko
4612263,USERS,Meredith,rkjkvr
2222668,HOST,Lisa,hAlsif7i3zA
4764055,HOST,Tia,2d3qA1yxn6
4626392,USERS,Emma,59ili
6185080,USERS,Peter,9hf3erpt7
1753572,HOST,Micah,3z17fa47tjx0
6885158,HOST,Florencia,1170x
6548390,HOST,Florencia,1sfkmo
2350286,USERS,Patrick,2o59xn400
3814062,USERS,Clifton,Ak6vel3r
2478578,USERS,Collin,1t4m5
2765529,HOST,Darcy,8qqfArykx
4191245,USERS,Jodi & Dan,1h4loaby
7818374,HOST,Nicole,5htdowo
5158760,USERS,Darcy,3Bxgo
4458373,HOST,Darcy,75p2byoeBko
7104123,HOST,Darcy,yomfdem27
6316575,USERS,Darcy,192Af
3495155,USERS,The Art House Studio,7706m85ga7o
1793308,HOST,Carol,5r59sg4B
6332967,USERS,Andrew,miz913sb
5463209,USERS,The Lion And The Rose,1dh8A8gkw9
2003484,HOST,The Lion And The Rose,z2hkoluump
5556485,USERS,The Lion And The Rose,3vb1z1v7r
2583462,USERS,Tony,js3q4lwA
3625858,USERS,Tony,12f472j4
5318769,HOST,Brody & Meggan,euzrzl9dgp
3586708,USERS,Mary,fqyqu796gfwx
6889132,USERS,Brooklyn,2ikrr3r1
4673933,HOST,Kirstin,A7buoovkpxt
6692851,USERS,Sara,13g6fzqy
4849951,HOST,Fitz,9drmy
5796576,HOST,Christine Michele,6ij9405
1995667,USERS,Christine,blup4othz
3538752,USERS,Jessica,9rvsvw2bd
3259946,USERS,Ian,2oqxlw2h
6256658,HOST,Noah,fty0ja19w
3144916,HOST,Brennen & Sheila,3g15p
5084721,HOST,Ron,5u7B4mz
4237210,USERS,Chris,5dmAnxexs
5811184,USERS,Scott,51j64
4130761,USERS,Gary,fusb9xvBo
3534266,HOST,Andrea,1g464l0dty
5698224,HOST,Micha,AqApwg
3143464,USERS,Lynne,4tmdsm3mmtj
